{"cameraMode":{"drawMode":0,"name":"Shaded","section":"Shading Mode"},"sceneLighting":true,"audioPlay":false,"sceneViewState":{"showFog":true,"showMaterialUpdate":false,"showSkybox":true,"showFlares":true,"showImageEffects":true,"showParticleSystems":true},"in2DMode":false,"pivot":{"x":0.42268896102905276,"y":0.9715604782104492,"z":-2.4388160705566408},"rotation":{"x":-0.266979843378067,"y":0.10153140872716904,"z":-0.028297586366534234,"w":-0.9579209685325623},"size":7.955989837646484,"orthographic":false}