{"cameraMode":{"drawMode":0,"name":"Shaded","section":"Shading Mode"},"sceneLighting":true,"audioPlay":false,"sceneViewState":{"showFog":true,"showMaterialUpdate":false,"showSkybox":true,"showFlares":true,"showImageEffects":true,"showParticleSystems":true},"in2DMode":false,"pivot":{"x":509.8529052734375,"y":10.613529205322266,"z":567.3900146484375},"rotation":{"x":0.23619741201400758,"y":-0.052978068590164188,"z":0.012911363504827023,"w":0.9701999425888062},"size":12.893726348876954,"orthographic":false}