{"cameraMode":{"drawMode":0,"name":"Shaded","section":"Shading Mode"},"sceneLighting":true,"audioPlay":false,"sceneViewState":{"showFog":true,"showMaterialUpdate":false,"showSkybox":true,"showFlares":true,"showImageEffects":true,"showParticleSystems":true},"in2DMode":false,"pivot":{"x":505.0773010253906,"y":9.811296463012696,"z":571.7969970703125},"rotation":{"x":0.156658336520195,"y":-0.24198386073112489,"z":0.03965568542480469,"w":0.9567575454711914},"size":12.893726348876954,"orthographic":false}