{"cameraMode":{"drawMode":0,"name":"Shaded","section":"Shading Mode"},"sceneLighting":true,"audioPlay":false,"sceneViewState":{"showFog":true,"showMaterialUpdate":false,"showSkybox":true,"showFlares":true,"showImageEffects":true,"showParticleSystems":true},"in2DMode":false,"pivot":{"x":-1.778668999671936,"y":2.176084518432617,"z":-2.547945022583008},"rotation":{"x":-0.2160743921995163,"y":0.012299450114369393,"z":-0.0027219613548368217,"w":-0.9762961268424988},"size":140459.328125,"orthographic":false}